{"cameraMode":{"drawMode":0,"name":"Shaded","section":"Shading Mode"},"sceneLighting":false,"audioPlay":false,"sceneViewState":{"showFog":false,"showMaterialUpdate":false,"showSkybox":false,"showFlares":false,"showImageEffects":false,"showParticleSystems":false},"in2DMode":false,"pivot":{"x":-0.6745822429656982,"y":0.8001227378845215,"z":0.43261146545410159},"rotation":{"x":0.19346071779727937,"y":-0.18624469637870789,"z":0.03743355721235275,"w":0.9625407457351685},"size":13.349933624267579,"orthographic":false}